<application>
  <component name="UISettings">
    <option name="CONSOLE_COMMAND_HISTORY_LIMIT" value="800" />
    <option name="EDITOR_TAB_LIMIT" value="30" />
    <option name="FONT_FACE" value="Microsoft YaHei" />
    <option name="FONT_SCALE" value="1.0" />
    <option name="FONT_SIZE" value="13" />
    <option name="OVERRIDE_NONIDEA_LAF_FONTS" value="true" />
    <option name="SCROLL_TAB_LAYOUT_IN_EDITOR" value="false" />
    <option name="SHOW_MEMORY_INDICATOR" value="true" />
  </component>
</application>