<application>
  <component name="StringManipulationState">
    <option name="donationNagger">
      <DonationNagger>
        <option name="actionsExecuted" value="13" />
      </DonationNagger>
    </option>
    <option name="history">
      <list>
        <ColumnAlignerModel>
          <option name="added" value="1556158546850" />
          <option name="separators">
            <list>
              <option value="," />
              <option value="" />
            </list>
          </option>
        </ColumnAlignerModel>
      </list>
    </option>
    <option name="version" value="1" />
  </component>
</application>